{
    "Name": "الاسم",
    "Email": "البريد الإلكتروني",
    "Password": "كلمة المرور",
    "User": "المستخدم",
    "Users": "المستخدمين",
    "Category": "القسم",
    "Categories": "الأقسام",
    "Post": "المنشور",
    "Posts": "المنشورات",
    "Title": "العنوان",
    "Content": "المحتوى",
    "Create": "إنشاء",
    "Edit": "تعديل",
    "Delete": "حذف",
    "Save": "حفظ",
    "Update": "تحديث",
    "Show": "عرض",
    "Published": "نشر",
    "Tags": "الوسوم",
    "Color": "اللون",
    "Thumbnail": "الصورة",
    "Slug" : "الرابط",
    "Post Information": "معلومات المنشور",
    "This is the main information about the post.": "هذه هي المعلومات الرئيسية حول المنشور.",
    "Meta Information": "معلومات الوسوم",
    "This is the meta information about the post.": "هذه هي المعلومات الوسوم حول المنشور.",
    "This is the image information about the post.": "هذه هي معلومات الصورة حول المنشور.",
    "Image": "الصورة",
    "Banners" : "الاعلانات",
    "Banner" : "اعلان" ,
    "Marketing" : "التسويق",
    "Title English" : "العنوان بالإنجليزية",
    "Title Arabic" : "العنوان بالعربية",
    "Description English" : "الوصف بالإنجليزية",
    "Description Arabic" : "الوصف بالعربية",
    "image_error" : "أبعاد الصورة يجب أن تكون أقل من 600x800 بكسل.",
    "Color Information" : "معلومات اللون",
    "This is the color information about the banner." : "هذه هي معلومات اللون حول الاعلان.",
    "Banner Information" : "معلومات الاعلان",
    "This is the main information about the banner." : "هذه هي المعلومات الرئيسية حول الاعلان.",
    "Image Information" : "معلومات الصورة",
    "This is the image information about the banner." : "هذه هي معلومات الصورة حول الاعلان.",
    "Products" : "المنتجات",
    "Product" : "المنتج",
    "Created At" : "تاريخ الإنشاء",
    "Updated At" : "تاريخ التحديث",
    "Enter your name" : "أدخل اسمك",
    "Enter your email address" : "أدخل عنوان بريدك الإلكتروني",
    "Enter your password" : "أدخل كلمة المرور",
    "Email Verified At" : "تاريخ تأكيد البريد الإلكتروني",
    "Actions" : "الإجراءات",
    "Name Arabic" : "الاسم بالعربية",
    "Name English" : "الاسم بالإنجليزية",
    "Enter Arabic Name" : "أدخل الاسم بالعربية",
    "Enter English Name" : "أدخل الاسم بالإنجليزية",
    "Brand" : "العلامة التجارية",
    "Brands" : "العلامات التجارية",
    "Product Information" : "معلومات المنتج",
    "This is the main information about the product." : "هذه هي المعلومات الرئيسية حول المنتج.",
    "Enter Arabic Description" : "أدخل الوصف بالعربية",
    "Enter English Description" : "أدخل الوصف بالإنجليزية",
    "This is the main images about the product." : "هذه هي الصور الرئيسية حول المنتج.",
    "Product Images" : "صور المنتج",
    "price Information" : "معلومات السعر",
    "This is the price information about the product." : "هذه هي معلومات السعر حول المنتج.",
    "Price" : "السعر",
    "Associations" : "الارتباطات",
    "This is the associations information about the product." : "هذه هي معلومات الارتباطات حول المنتج.",
    "In Stock" : "متوفر",
    "Status" : "الحالة",
    "This is the status information about the product." : "هذه هي معلومات الحالة حول المنتج.",
    "Is Active" : "نشط",
    "Is Featured" : "مميز",
    "Is On Sale" : "عرض",
    "Order" : "الطلب",
    "Orders" : "الطلبات",
    "coustomer" : "العميل",
    "Order Information" : "معلومات الطلب",
    "payment_method" : "طريقة الدفع",
    "Cash On Delivery" : "الدفع عند الاستلام",
    "Credit Card" : "بطاقة الائتمان",
    "Paypal" : "باي بال",
    "Stripe" : "استرايب",
    "Payment Method" : "طريقة الدفع",
    "Payment Status" : "حالة الدفع",
    "Pending" : "قيد الانتظار",
    "Paid" : "مدفوع",
    "Failed" : "فشل",
    "New" : "جديد",
    "Processing" : "قيد المعالجة",
    "Shipped" : "تم الشحن",
    "Delivered" : "تم التوصيل",
    "Canceled" : "تم الإلغاء",
    "Currency" : "العملة",
    "USD" : "دولار",
    "EGP" : "جنيه مصري",
    "EUR" : "يورو",
    "GBP" : "جنيه إسترليني",
    "CAD" : "دولار كندي",
    "AUD" : "دولار أسترالي",
    "Shipping Method" : "طريقة الشحن",
    "Standard Shipping" : "الشحن القياسي",
    "Express Shipping" : "الشحن السريع",
    "Fedex" : "فيديكس",
    "DHL" : "دي إتش إل",
    "Aramex" : "أرامكس",
    "UPS" : "يو بي إس",
    "USPS" : "البريد الأمريكي",
    "Order Items" : "عناصر الطلب",
    "Quantity" : "الكمية",
    "Unit Amount" : "سعر الوحدة",
    "Total Amount" : "المبلغ الإجمالي",
    "Grand Total" : "المجموع الكلي",
    "Items" : "العناصر",
    "Customer" : "العميل",
    "pending" : "قيد الانتظار",
    "paid" : "مدفوع",
    "failed" : "فشل",
    "cash" : "الدفع عند الاستلام",
    "credit" : "بطاقة الائتمان",
    "paypal" : "باي بال",
    "stripe" : "استرايب",
    "address" : "العنوان",
    "addresses" : "العناوين",
    "Street Address" : "العنوان",
    "Enter the street address" : "أدخل العنوان",
    "First Name" : "الاسم الأول",
    "Enter the first name" : "أدخل الاسم الأول",
    "Last Name" : "الاسم الأخير",
    "Enter the last name" : "أدخل الاسم الأخير",
    "Phone" : "رقم الجوال",
    "Enter the phone number" : "أدخل رقم الهاتف",
    "Address" : "العنوان",
    "City" : "المدينة",
    "Enter the city" : "أدخل المدينة",
    "State" : "المحافظة",
    "Enter the state" : "أدخل المحافظة",
    "Zip Code" : "الرمز البريدي",
    "Enter the zip code" : "أدخل الرمز البريدي",
    "New Orders" : "الطلبات الجديدة",
    "Processing Orders" : "الطلبات قيد المعالجة",
    "Shipped Orders" : "الطلبات المشحونة",
    "Delivered Orders" : "الطلبات الموصلة",
    "Canceled Orders" : "الطلبات الملغية",
    "Average Price" : "السعر المتوسط",
    "All" : "الكل",
    "Order ID" : "رقم الطلب",
  "new" : "جديد",
    "processing" : "قيد المعالجة",
    "shipped" : "تم الشحن",
    "delivered" : "تم التوصيل",
    "canceled" : "تم الإلغاء",
    "currency" : "العملة",
    "Order Date" : "تاريخ الطلب",
    "Latest Orders" : "أحدث الطلبات",
    "View Order" : "عرض  الطلب",
    "Images" : "الصور",
    "StudyDestination" : "الوجهات الدراسية",
    "name_ar" : "الاسم بالعربية",
    "name_en" : "الاسم بالإنجليزية",
    "desc_ar" : "الوصف بالعربية",
    "desc_en" : "الوصف بالإنجليزية",
    "features_ar" : "المميزات بالعربية",
    "features_en" : "المميزات بالإنجليزية",
    "main_image" : "الصورة الرئيسية",
    "images" : "الصور",
    "Study Destination Information" : "معلومات الوجهة الدراسية",
    "This is the main information about the study destination." : "هذه هي المعلومات الرئيسية حول الوجهة الدراسية.",
    "Features Information" : "معلومات المميزات",
    "This is the features information about the study destination." : "هذه هي معلومات المميزات حول الوجهة الدراسية.",
    "Images Information" : "معلومات الصور",
    "This is the images information about the study destination." : "هذه هي معلومات الصور حول الوجهة الدراسية.",
    "Study Destination Created Successfully" : "تم إنشاء الوجهة الدراسية بنجاح",
    "Service" : "الخدمة",
    "Services" : "الخدمات",
    "This is the images information about the service." : "هذه هي معلومات الصور حول الخدمة.",
    "Description Information" : "معلومات الوصف",
    "This is the description information about the study destination." : "هذه هي معلومات الوصف حول الوجهة الدراسية.",
    "This is the main information about the service." : "هذه هي المعلومات الرئيسية حول الخدمة.",
    "Service Information" : "معلومات الخدمة",
    "icon" : "الأيقونة",
    "Service Created Successfully" : "تم إنشاء الخدمة بنجاح",
    "Study Destination Updated Successfully" : "تم تحديث الوجهة الدراسية بنجاح",

    "Service Updated Successfully" : "تم تحديث الخدمة بنجاح",
    "TouristDestination" : "الوجهات السياحية",
    "Tourist Destinations" : "الوجهات السياحية",
    "sub_title_ar" : "العنوان الفرعي بالعربية",
    "sub_title_en" : "العنوان الفرعي بالإنجليزية",
    "TouristDestinations" : "الوجهات السياحية",
    "Tourist Destination Information" : "معلومات الوجهة السياحية",
    "This is the main information about the tourist destination." : "هذه هي المعلومات الرئيسية حول الوجهة السياحية.",
    "Sub Title Information" : "معلومات العنوان الفرعي",
    "This is the sub title information about the tourist destination." : "هذه هي معلومات العنوان الفرعي حول الوجهة السياحية.",
    "Tourist Destination Created Successfully" : "تم إنشاء الوجهة السياحية بنجاح",
    "Tourist Destination Updated Successfully" : "تم تحديث الوجهة السياحية بنجاح",
    "Tourist Destination Deleted Successfully" : "تم حذف الوجهة السياحية بنجاح",
    "Includes and Excludes Information" : "معلومات الشموليات والاستثناءات",
    "This is the includes and excludes information about the tourist destination." : "هذه هي معلومات الشموليات والاستثناءات حول الوجهة السياحية.",
    "includes_ar" : "الشموليات بالعربية",
    "includes_en" : "الشموليات بالإنجليزية",
    "excludes_ar" : "الاستثناءات بالعربية",
    "excludes_en" : "الاستثناءات بالإنجليزية",
    "This is the images information about the tourist destination." : "هذه هي معلومات الصور حول الوجهة السياحية.",
    "price" : "السعر",
    "rating" : "التقييم",
    "rate" : "التقييم",
    "SAR" : "ريال سعودي",
    "Customer Review Information" : "معلومات تقييم العملاء",
    "This is the main information about the customer review." : "هذه هي المعلومات الرئيسية حول تقييم العملاء.",
    "Review Information" : "معلومات التقييم",
    "This is the main information about the review." : "هذه هي المعلومات الرئيسية حول التقييم.",
    "review_en" : "التقييم بالإنجليزية",
    "review_ar" : "التقييم بالعربية",
    "Review Created Successfully" : "تم إنشاء التقييم بنجاح",
    "Review Updated Successfully" : "تم تحديث التقييم بنجاح",
    "Customer Review" : "تقييم العملاء",
    "Customer Reviews" : "تقييمات العملاء",
    "Language Studies" : "الدراسات اللغوية",
    "Language Study" : "الدراسة اللغوية",
    "This is the description information about the service." : "هذه هي معلومات الوصف حول الخدمة.",
    "This is the main information about the Language Study." : "هذه هي المعلومات الرئيسية حول الدراسة اللغوية.",
    "This is the description information about the Language Study." : "هذه هي معلومات الوصف حول الدراسة اللغوية.",
    "This is the images information about the Language Study." : "هذه هي معلومات الصور حول الدراسة اللغوية.",
    "Main Information" : "المعلومات الرئيسية",
    "image" : "الصورة",
    "Language Study Created Successfully" : "تم إنشاء الدراسة اللغوية بنجاح",
    "Language Study Updated Successfully" : "تم تحديث الدراسة اللغوية بنجاح",
    "Site Name (Arabic)" : "اسم الموقع (بالعربية)",
    "Site Name (English)" : "اسم الموقع (بالإنجليزية)",
    "logo" : "الشعار",
    "favicon" : "ايقونة الموقع",
    "Settings" : "الإعدادات",
    "General" : "الاعدادات العامة",
    "Site Information" : "معلومات الموقع",
    "This is the main information about the site." : "هذه هي المعلومات الرئيسية حول الموقع.",
    "Logo" : "الشعار",
    "Favicon" : "ايقونة الموقع",
    "SEO" : "اعدادات محرك البحث",
    "General settings for the website" : "الاعدادات العامة للموقع",
    "Meta Title (Arabic)" : "العنوان الفرعي (بالعربية)",
    "Meta Title (English)" : "العنوان الفرعي (بالإنجليزية)",
    "Meta Description (Arabic)" : "الوصف (بالعربية)",
    "Meta Description (English)" : "الوصف (بالإنجليزية)",
    "Meta Keywords (Arabic)": "الكلمات المفتاحية (بالعربية)",
    "Meta Keywords (English)": "الكلمات المفتاحية (بالإنجليزية)",

    "Contact Details" : "بيانات الاتصال",
    "whatsapp" : "رقم الواتساب" ,
    "website" : "رابط الموقع" ,
    "facebook" : "رابط الفيسبوك" ,
    "twitter" : "رابط تويتر" ,
    "instagram" : "رابط انستجرام" ,
    "linkedin" : "رابط لينكدان" ,
    "youtube" : "رابط يوتيوب" ,
    "telegram" : "رابط تليجرام" ,
    "tiktok" : "رابط تيك توك" ,
    "snapchat" : "رابط سناب شات" ,
    "email_domain" :  "يجب أن يكون البريد الإلكتروني من أحد النطاقات التالية: :domains",
    "The :attribute must be a valid Facebook URL." : "يجب أن يكون :attribute رابط فيسبوك صالح.",
    "The Facebook URL is invalid." : "رابط الفيسبوك غير صالح.",
    "The Linkedin URL is invalid." : "رابط لينكدان غير صالح.",
    "The Twitter URL is invalid." : "رابط تويتر غير صالح.",
    "The Instagram URL is invalid." : "رابط انستجرام غير صالح.",
    "The Youtube URL is invalid." : "رابط يوتيوب غير صالح.",
    "The Tiktok URL is invalid." : "رابط تيك توك غير صالح.",
    "The Snapchat URL is invalid." : "رابط سناب شات غير صالح.",
    "The Telegram URL is invalid." : "رابط تليجرام غير صالح.",
    "Enter your address" : "أدخل عنوانك",
    "About Us Page" : "صفحة من نحن",
    "Description (Arabic)" : "الوصف (بالعربية)",
    "Description (English)" : "الوصف (بالإنجليزية)",
    "About Us" : "من نحن",
    "Image One" : "الصورة الأولى",
    "Image Two" : "الصورة الثانية",
    "Image Three" : "الصورة الثالثة",
    "Image Four" : "الصورة الرابعة",
    "Expert" : "سنوات الخبرة",
    "Static pages" : "الصفحات الثابتة",
    "Hotel Reservation Page" : "صفحة حجز الفنادق",
    "Hotel Reservation Page Images" : "صور صفحة حجز الفنادق",
    "Study Offers Page" : "صفحة عروض الدراسة",
    "University Visa Page" : "صفحة تأشيرة الجامعة",
    "Summer Camp Page" : "صفحة المخيم الصيفي",
    "Courses Page" : "صفحة الدورات",
    "University Visa Page Images" : "صور صفحة تأشيرة الجامعة",
    "This page is for hotel reservation services and information." : "هذه الصفحة لخدمات ومعلومات حجز الفنادق.",
    "This page is for university visa services and information." : "هذه الصفحة لخدمات ومعلومات تأشيرة الجامعة.",
    "This page is for study offers services and information." : "هذه الصفحة لخدمات ومعلومات عروض الدراسة.",
    "This page is for summer camp services and information." : "هذه الصفحة لخدمات ومعلومات المخيم الصيفي.",
    "This page is for courses services and information." : "هذه الصفحة لخدمات ومعلومات الدورات.",
    "Contact Us" : "رسائل التواصل",
    "not replied" : "لم يتم الرد",
    "is replied"  : "تم الرد",
    "filter by Replay" : "تصفية حسب الرد",
    "isReply" : "حالة الرد",
    "message" : "الرسالة",
    "phone" : "الهاتف",
    "email" : "البريد الإلكتروني",
    "name" : "الاسم",
    "Reply Sent Successfully" : "تم إرسال الرد بنجاح",
    "Send Reply" : "إرسال الرد",
    "Reply" : "الرد",
    "Customer Data" : "بيانات العملاء",
    "Destinations Data" : "بيانات الوجهات",
    "Language and services Data" : "بيانات اللغات والخدمات",
    "Total Language Study" : "إجمالي الدراسات اللغوية",
    "Total Services" : "إجمالي الخدمات",
    "Total Study Destination" : "إجمالي الوجهات الدراسية",
    "Total Tourist Destination" : "إجمالي الوجهات السياحية",
    "Total Contact" : "إجمالي الرسائل",
    "Total Customer Review" : "إجمالي تقييم العملاء",
    "Service Order" : "طلب الخدمة",
    "best_contact_method" : "أفضل طريقة للتواصل",
    "service_name" : "اسم الخدمة",
    "Service Orders" : "طلبات الخدمات",
    "Total Services Orders" : "إجمالي طلبات الخدمات",
    "Total Settings" : "إجمالي الإعدادات",
    "footer_image" : "صوره الفوتر",
    "header_image" : "صوره الهيدر",
    "Header Description (Arabic)" : "وصف الهيدر (بالعربية)",
    "Header Description (English)" : "وصف الهيدر (بالإنجليزية)",
    "Sub Header Description (Arabic)" : "وصف الهيدر الفرعي (بالعربية)",
    "Sub Header Description (English)" : "وصف الهيدر الفرعي (بالإنجليزية)",
    "About Description (Arabic)" : "وصف من نحن (بالعربية)",
    "About Description (English)" : "وصف من نحن (بالإنجليزية)",
    "Upload 2 images for the study destination only" : "قم بتحميل صورتين للوجهة الدراسية فقط",
    "Upload the main image for the tourist destination only" : "قم بتحميل الصورة الرئيسية للوجهة السياحية فقط",
    "Upload 4 images for the tourist destination only" : "قم بتحميل 4 صور للوجهة السياحية فقط",
    "Upload PDF attachment for the study destination only" : "قم بتحميل مرفق PDF للوجهة الدراسية فقط",
    "Upload the main image for the study destination only" : "قم بتحميل الصورة الرئيسية للوجهة الدراسية فقط",
    "Attachment" : "ملف pdf",
    "Upload PDF attachment for the Language Study only" : "قم بتحميل مرفق PDF للدراسة اللغوية فقط",
    "whatsapp hotal and reservation" : "رقم الواتساب حجوزات الفنادق والطيران",
    "whatsapp Study Abroad" : "رقم الواتساب للدراسة بالخارج",
    "Language,Institute and services Data" : "بيانات اللغات والمعاهد والخدمات",
    "Institute" : "المعهد",
    "Institutes" : "المعاهد",
    "This is the main information about the Institute." : "هذه هي المعلومات الرئيسية حول المعهد.",
    "This is the description information about the Institute." : "هذه هي معلومات الوصف حول المعهد.",
    "This is the images information about the Institute." : "هذه هي معلومات الصور حول المعهد.",
    "Upload PDF attachment for the Institute only" : "قم بتحميل مرفق PDF للمعهد فقط",
    "Institute Created Successfully" : "تم إنشاء المعهد بنجاح",
    "Institute Updated Successfully" : "تم تحديث المعهد بنجاح",
    "About Us Information" : "معلومات من نحن",
    "This is the main information about the about us." : "هذه هي المعلومات الرئيسية حول من نحن.",
    "Seo Information" : "معلومات مجلس الادارة",
    "This is the seo information about the about us." : "هذه هي معلومات مجلس الادارة حول من نحن.",
    "seo image" : "صورة مجلس الادارة",
    "vision Information" : "معلومات روؤيتنا",
    "This is the vision information about the about us." : "هذه هي معلومات روؤيتنا حول من نحن.",
    "message Information" : "معلومات رسالتنا",
    "This is the message information about the about us." : "هذه هي معلومات رسالتنا حول من نحن.",
    "message image" : "صورة رسالتنا",
    "value Information" : "معلومات قيمنا",
    "This is the value information about the about us." : "هذه هي معلومات قيمنا حول من نحن.",
    "value image" : "صورة قيمنا",
    "About Us image" : "صورة من نحن",
    "Slider Information" : "معلومات السلايدر",
    "This is the main information about the slider." : "هذه هي المعلومات الرئيسية حول السلايدر.",
    "Slider Created Successfully" : "تم إنشاء السلايدر بنجاح",
    "Slider Updated Successfully" : "تم تحديث السلايدر بنجاح",
    "Slider Deleted Successfully" : "تم حذف السلايدر بنجاح",
    "This is the description information about the slider." : "هذه هي معلومات الوصف حول السلايدر.",
    "This is the images information about the slider." : "هذه هي معلومات الصور حول السلايدر.",
    "background_image" : "صورة الخلفية",
    "Slider" : "السلايدر",
    "Sliders" : "السلايدرات",
    "Project" : "المشروع",
    "Projects" : "المشاريع",
    "This is the main information about the project." : "هذه هي المعلومات الرئيسية حول المشروع.",
    "This is the description information about the project." : "هذه هي معلومات الوصف حول المشروع.",
    "This is the images information about the project." : "هذه هي معلومات الصور حول المشروع.",
    "Upload PDF attachment for the Project only" : "قم بتحميل مرفق PDF للمشروع فقط",
    "Project Created Successfully" : "تم إنشاء المشروع بنجاح",
    "Project Updated Successfully" : "تم تحديث المشروع بنجاح",
    "Project Deleted Successfully" : "تم حذف المشروع بنجاح",
    "Project Information" : "معلومات المشروع",
    "Project image" : "صورة المشروع",
    "Project PDF" : "ملف PDF للمشروع",
    "Blog" : "المدونة",
    "Blogs" : "المدونات",
    "This is the main information about the blog." : "هذه هي المعلومات الرئيسية حول المدونة.",
    "This is the description information about the blog." : "هذه هي معلومات الوصف حول المدونة.",
    "This is the images information about the blog." : "هذه هي معلومات الصور حول المدونة.",
    "Upload PDF attachment for the Blog only" : "قم بتحميل مرفق PDF للمدونة فقط",
    "Blog Created Successfully" : "تم إنشاء المدونة بنجاح",
    "Blog Updated Successfully" : "تم تحديث المدونة بنجاح",
    "Blog Deleted Successfully" : "تم حذف المدونة بنجاح",
    "Blog Information" : "معلومات المدونة",
    "Blog image" : "صورة المدونة",
    "Blog PDF" : "ملف PDF للمدونة",
    "Blog Category" : "تصنيف المدونة",
    "Blog Categories" : "تصنيفات المدونات",
    "Partners" : "الشركاء",
    "Partner" : "الشريك",
    "This is the images information about the partner." : "هذه هي معلومات الصور حول الشريك.",
    "partner Created Successfully" : "تم إنشاء الشريك بنجاح",
    "partner Updated Successfully" : "تم تحديث الشريك بنجاح",
    "partner Deleted Successfully" : "تم حذف الشريك بنجاح",
    "Regulation Category" : "قسم اللوائح",
    "Regulation Categories" : "اقسام اللوائح",
    "Regulation Category Information" : "معلومات قسم اللوائح",
    "This is the main information about the regulation category." : "هذه هي المعلومات الرئيسية حول قسم اللوائح.",
    "Regulation Category Created Successfully" : "تم إنشاء قسم اللوائح بنجاح",
    "Regulation Category Updated Successfully" : "تم تحديث قسم اللوائح بنجاح",
    "Regulation" : "اللائحة",
    "Regulations" : "اللوائح",
    "This is the main information about the regulation." : "هذه هي المعلومات الرئيسية حول اللائحة.",
    "This is the pdf information about the regulation." : "هذه هي معلومات الملف حول اللائحة.",
    "PDF Information" : "معلومات الملف",
    "pdf" : "ملف",
    "Regulation Created Successfully" : "تم إنشاء اللائحة بنجاح",
    "Regulation Updated Successfully" : "تم تحديث اللائحة بنجاح",
    "read file" : "قراءة الملف",
    "Upload 3 images for the service only" : "قم بتحميل 3 صور للخدمة فقط",
    "title_message" : "عنوان الرسالة",
    "code" : "الكود",
    "Regulation Data" : "بيانات اللوائح",

    "Projects , Blog and services Data" : "بيانات المشاريع والمدونات والخدمات",
    "Sliders and Partners Data" : "بيانات السلايدر والشركاء",
    "Total Projects" : "إجمالي المشاريع",
    "Total Blogs" : "إجمالي المدونات",
    "Total Partners" : "إجمالي الشركاء",
    "Total Sliders" : "إجمالي السلايدرات",
    "Total regulations" : "إجمالي اللوائح",
    "Total Regulation Category" : "إجمالي اقسام اللوائح",
    "Total Orders Services" : "إجمالي طلبات الخدمات",
    "Total Contacts Us" : "إجمالي رسائل التواصل",
    "Description Footer (Arabic)" : "وصف الفوتر (بالعربية)",
    "Description Footer (English)" : "وصف الفوتر (بالإنجليزية)",
    "Logo Footer" : "شعار الفوتر",
    "Sliders , Team and Partners Data" : "بيانات السلايدر والفريق والشركاء",
    "Team" : "فريق العمل",
    "Teams" : "فرق العمل",
    "Team Information" : "معلومات الفريق",
    "This is the main information about the team." : "هذه هي المعلومات الرئيسية حول الفريق.",
    "This is the job title information about the team." : "هذه هي معلومات عنوان الوظيفة حول الفريق.",
    "Job Title Information" : "معلومات عنوان الوظيفة",
    "This is the images information about the team." : "هذه هي معلومات الصور حول الفريق.",
    "Team Created Successfully" : "تم إنشاء الفريق بنجاح",
    "Team Updated Successfully" : "تم تحديث الفريق بنجاح",
    "job_title_ar" : "المسمى الوظيفي بالعربية",
    "job_title_en" : "المسمى الوظيفي بالإنجليزية",
    "seo_title_ar" : "العنوان الفرعي بالعربية",
    "seo_title_en" : "العنوان الفرعي بالإنجليزية"




}
