{
    "لون الأسم": "Name Color",
    "لون الخلفية": "Background Color",
    "لون الحدود": "Border Color",
    "لون الزر": "Button Color",
    "image_error": "The image dimensions should be less than 600x800 pixels.",
    "المقدمة": "Introduction",
    "منذ البداية ومن أول يوم نشأت فيها شركة جدارة ونحن نسعى لنكون دائما جديرين بثقة عملاءنا و تحقيق المستوى المنشود من رضاهم ومن هذا المنطلق تم اتخاذ جدارة كأسم وشعار ومنهج لشركتنا." : "Since the beginning and from the first day in which Jadarah Company was established, we have always sought to be worthy of the trust of our customers and to achieve the desired level of their satisfaction. From this perspective, Jadarah was chosen as the name, logo, and approach of our company.",
    "شركة جدارة شركة رسمية مسجلة في سجل تجاري سعودي نقوم بخدمة عملائنا على شبكة الأنترنت منذ عام 2009م وتأسست رسميا فى العام 2013م." : "Jadarah Company is an official company registered in the Saudi commercial register. We have been serving our customers on the Internet since 2009 and was officially established in 2013.",
    "نقدم خدمات تصميم مواقع الإنترنت وبرمجة تطبيقات الويب المختلفة وحلول التسويق الرقمي." : "We offer services in designing websites, programming various web applications, and digital marketing solutions.",
    "للمزيد من مشاريع جدارة يمكنك زيارة موقعنا الرسمي" : "For more Jadarah projects, you can visit our official website",
    "name_en" : "Name (English)",
    "review_en" : "Review (English)",
    "name_ar" : "Name (Arabic)",
    "desc_ar": "Description (Arabic)",
    "desc_en": "Description (English)",
    "review_ar" : "Review (Arabic)",
    "main_image": "Main Image",
    "sub_title_ar": "Sub Title (Arabic)",
    "sub_title_en": "Sub Title (English)",
    "الرئيسية": "Home",
    "من نحن": "About Us",
    "قراءة المزيد": "Read More",
    "خدماتنا": "Services",
    "نقدم العديد من الخدمات لعملاؤنا" : "We give many services to our clients",
    "الوجهات السياحية": "Tourist Destinations",
    "السعر": "Price",
    "ريال سعودي" : "SAR",
    "لايوجد بيانات" : "No Data",
    "آراء العملاء": "Customer Reviews",
    "الوجهات الدراسية": "Educational Destinations",
    "طلب خدمة": "Request Service",
    "نبذة عنا": "About Us",
    "عام" : "year",
    "من الخبرة" : "of experience",
    "الاسم" : "Name",
    "البريد الإلكتروني" : "Email",
    "الرسالة" : "Message",
    "إرسال" : "Send",
    "رقم التواصل" : "Contact Number",
    "تواصل معنا اذا كنت تريد إحدي خدماتنا" : "Contact us if you want any of our services",
    "إذا كان لديك استفسار عن الخدمات التي نقدمها تواصل معنا علي أرقامنا أو راسلنا عبر البريد الإلكتروني" : "If you have any inquiries about the services we provide, contact us on our numbers or email us",
    "تواصل معنا" : "Contact Us",
    "عروض الدراسة": "Study Offers",
    "دورات متخصصة": "Specialized Courses",
    "نص الرسالة" : "Message Body",
    "الخدمة المطلوبة" : "Requested Service",
    "افضل طريقة للتواصل" : "Best Way to Contact",
    "رقم الهاتف" : "Phone Number",
    "رقم الواتس اب" : "WhatsApp Number",
    "حجوزات الفنادق والطيران" : "Hotel and Flight Reservations" ,
    "ذات صلة" : "Related",
    "اللغات" : "Languages",
    "خدمتنا" : "Our Service",
    "لا يوجد خدمات حاليا" : "No Services Available",
    "مخيمات صيفية للأطفال" : "Summer Camps ",
    "الوجهات الدراسة" : "Educational ",
    "الجامعات والتأشيرات" : "Universities ",
    "تأشيرات السفر" : "Travel Visas",
    "أفضل طريقة للتواصل" : "Best Way to Contact",
    "طلب الخدمة" : "Request Service",
    "الإسم" : "Name",
    "روابط سريعة" : "Quick Links",
    "لايوجد احرف خاصة" : "No Special Characters",
    "الرجاء ادخال الايميل من نطاق (gmail, yahoo, hotmail, outlook)" : "Please enter an email from the domain (gmail, yahoo, hotmail, outlook)",
    "الرجاء ادخال الرقم بشكل صحيح" : "Please enter the number correctly",
    "يجب ان يحتوي علي حروف فقط" : "It must contain letters only",
    "صنع بكل حب" : "Made with Love",
    "كل الحقوق محفوظة" : "All Rights Reserved",
    "في معامل جدارة" : "In Jadarah Labs",
    "المزيد" : "More",
    "العرض يشمل:" : "The offer includes:",
    "العرض لا يشمل:" : "The offer does not include:",
    "السعر للفرد" : "Price per person",
    "قراءه الكتالوج" : "Read Catalog",
    "الدراسه بالخارج" : "Study Abroad",
    "دراسة اللغات" : "Language Study",
    "المعاهد" : "Institutes",
    "المشاريع" : "Projects",
    "المدونة" : "Blog",
    "شركاء النجاح" : "Partners",
    "اللوائح والسياسات" : "Regulations and Policies",
    "منصة العقود": "Contracts Platform",
    "تواصل معنا':" : "Contact Us",
    "معلومات" : "Information",
    "فريق العمل" : "Team",
    "الخدمات" : "Services",
    "اتصل بنا" : "Contact Us",
    "روابط مهمة" : "Important Links",
    "اطلب الخدمة" : "Request Service",
    "افضل خدمات تقنية معلومات في المملكة العربية السعودية" : "The best information technology services in the Kingdom of Saudi Arabia",
    "المزيد من الخدمات" : "More Services",
    "نحن نوفر افضل انظمة حماية من الحرائق والسرقة وافضل انظمة حضور وانصراف لكي نساعدك ان تحيا حياة افضل واكثر راحة ونوفرلك الامن والامان ونساعدك علي استثمار المزيد من وقتك في امور اكثر اهمية" : "We provide the best fire and theft protection systems and the best attendance and departure systems to help you live a better and more comfortable life. We provide you with security and safety and help you invest more of your time in more important matters.",
    "نبذة عن الشركة" : "About the Company",
    "معرفة المزيد" : "Learn More",
    "الخدمات التي نقدمها" : "Services We Provide",
    "لا يوجد مشاريع حاليا" : "No Projects Available",
    "لا يوجد شركاء حاليا" : "No Partners Available",
    "لا يوجد مدونات حاليا" : "No Blogs Available",
    "الإتجاهات" : "Directions",
    "كلمة رئيس مجلس الادارة" : "Statement of the Chairman of the Board",
    "لا يوجد فريق عمل حاليا" : "No Team Available",
    "رؤيتنا" : "Our Vision",
    "رسالتنا" : "Our Mission",
    "قيمنا" : "Our Values",
    "تفاصيل الخدمة" : "Service Details",
    "خدمات اخري" : "Other Services",
    "نموذج طلب الخدمة" : "Service Request Form",
    "كود جديد" : "New Code",
    "الرجاء ادخال نفس الكود الموجود في الصوره" : "Please enter the same code in the image",
    "مشاريع اخري" : "Other Projects",
    "تفاصيل المشروع" : "Project Details",
    "تفاصيل الخبرة" : "News Details",
    "المذيد من الاخبار" : "More News",
    "تسجيل الدخول" : "Login",
    "او يمكنك التواصل معانا من خلال" : "Or you can contact us through",
    "راسلنا" : "Contact Us",
    "رسالتك" : "Your Message",
    "ارسال" : "Send",
    "اللوائح" : "Regulations",
    "السياسات" : "Policies",
    "العقود" : "Contracts",
    "المزيد من الاخبار" : "More News",
    "تفاصيل الخبر" : "News Details",
    "لا يوجد لوائح حاليا" : "No Regulations Available",
    "عددها" : "Number",
    "البريد الالكتروني" : "Email",
    "كلمة المرور" : "Password",
    "تواصل معانا" : "Contact Us",
    "عرض رسالة من" : "Show Message From",
    "رسالة من" : "Message From",
    "بتاريخ" : "On"



}
